{"coef": [[83.50356528627317]], "intercept": [96.41870307790882]}