{"coef": [[81.14896588092408]], "intercept": [96.86033562982206]}