{"coef": [[81.63249112779619]], "intercept": [99.86436439044078]}